time	inactive	active	F	W	F_bound	vWA_bound	IF_IFclustered	IW_IWclustered	IF_IWclustered	Sum	Experiment
0.0	0.05	0.0	0.33	0.33	0.0	0.0	0.0	0.0	0.0	0.05	day18
1.616161616161616e-07	0.03733708877909161	0.0012496209963329126	0.31858787236758523	0.3299988385893724	0.009842520587129774	1.0779081444443143e-06	0.0007847617802846366	8.885274847574545e-12	8.348471261969303e-08	0.0499999988184638	day18
3.232323232323232e-07	0.028660443103594807	0.0009684120098792863	0.3096309587686246	0.32999789752644487	0.014047990797286589	1.7327390848343044e-06	0.0031603403930356294	4.3320781660782147e-11	3.696478286383634e-07	0.04999999881821561	day18
4.848484848484849e-07	0.022100551103997064	0.0007522057886725147	0.30285559066880224	0.32999716740546414	0.01604604371352444	2.1322338287183254e-06	0.005548832716968156	8.858017933375011e-11	7.001835466911527e-07	0.049999998818212786	day18
6.464646464646464e-07	0.017101995457371875	0.0005853298502079574	0.297690726710689	0.3299965997784876	0.017330863693737854	2.403431401012423e-06	0.007488706535532581	1.3289685242469388e-10	9.965243176173775e-07	0.0499999988182128	day18
8.08080808080808e-07	0.013269914793178567	0.0004561279436755154	0.2937298861546555	0.3299961577637954	0.01825368731394807	2.5987230181166712e-06	0.009007591680848344	1.7183858274407506e-10	1.2431695093664532e-06	0.04999999881821285	day18
9.696969696969698e-07	0.010318164726616652	0.0003558465257838776	0.2906781993110016	0.32999581312299575	0.018939491039131194	2.7438485870434207e-06	0.01019043351506029	2.0443039069438598e-10	1.4426195564230645e-06	0.04999999881821297	day18
1.1313131313131313e-06	0.008036114230094307	0.00027785887363388254	0.2883184301514052	0.32999554413391985	0.01945718854434028	2.853657163055671e-06	0.011111389778615378	2.3104173062280593e-10	1.6017468336432095e-06	0.04999999881821303	day18
1.2929292929292929e-06	0.006266755751750751	0.00021711491940807078	0.2864885378282215	0.32999533402453424	0.019851804406697687	2.937647322159473e-06	0.011828964970848059	2.5247443952332977e-10	1.7278231947214246e-06	0.049999998818213105	day18
1.4545454545454544e-06	0.004891803213170083	0.00016974311085300465	0.28506637770262083	0.32999516980299926	0.020154658299986212	3.002335475742981e-06	0.012388568337432663	2.695936426680104e-10	1.8273223377984333e-06	0.04999999881821325	day18
1.616161616161616e-06	0.0038214733538085104	0.0001327642342825086	0.2839591973846238	0.32999504138506414	0.020388221603655006	3.052380781897043e-06	0.012825337671884053	2.8319538448161587e-10	1.9056677632437999e-06	0.04999999881821328	day18
1.7777777777777777e-06	0.0029871341303076304	0.00010387630537727179	0.28309607069095855	0.32999494092632325	0.020569012397636005	3.091220381139398e-06	0.013166474822923172	2.9396319733816094e-10	1.9672653692611744e-06	0.049999998818213306	day18
1.9393939393939395e-06	0.0023360569471687948	8.12955247200578e-05	0.2824224913376125	0.32999486231587316	0.020709336241855364	3.121431158168656e-06	0.01343307838615234	3.024655486655887e-10	2.01564803756581e-06	0.04999999881821329	day18
2.101010101010101e-06	0.0018275624665384867	6.36365283892021e-05	0.28189639938900934	0.32999480078751514	0.020818483216036368	3.1449696700930324e-06	0.0136415318851412	3.0916638834692646e-10	2.053624481981204e-06	0.04999999881821329	day18
2.2626262626262626e-06	0.0014301656698664997	4.982151976342396e-05	0.28148523575080153	0.32999475262042527	0.020903511970430402	3.163332172700394e-06	0.013804584430028043	3.1444000034746053e-10	2.083418522082326e-06	0.04999999881821328	day18
2.424242424242424e-06	0.0011194340068764286	3.901063366470522e-05	0.28116373091449054	0.3299947149076475	0.020969833708019754	3.177670390744755e-06	0.013932164296254964	3.1858598560596836e-10	2.106784789871449e-06	0.04999999881821327	day18
2.5858585858585857e-06	0.0008763698048152113	3.054866345257188e-05	0.2809122342730801	0.3299946853767845	0.021021604441282104	3.1888737120503184e-06	0.014032018089815185	3.218428863892446e-10	2.125105817627523e-06	0.049999998818213334	day18
2.7474747474747475e-06	0.0006861774656842479	2.3924088057635582e-05	0.2807154404846428	0.32999466225069596	0.02106206961196185	3.1976341542929964e-06	0.0141101752184275	3.243995938878212e-10	2.1394663505646403e-06	0.049999998818213334	day18
2.909090909090909e-06	0.0005373195200831509	1.8737231386769347e-05	0.2805614137940532	0.32999464413901364	0.02109369601432944	3.2044859427634092e-06	0.014171369734597815	3.2640583494567493e-10	2.1507222319567016e-06	0.04999999881821334	day18
3.0707070707070706e-06	0.0004207902947790636	1.46756246774469e-05	0.2804408371473654	0.329994629953688	0.021118435423796152	3.2098472723536076e-06	0.01421928394278401	3.2797948965103364e-10	2.1595430806573016e-06	0.049999998818213334	day18
3.232323232323232e-06	0.0003295549652521524	1.149487550766593e-05	0.2803464321792931	0.32999461884306364	0.02113779030408822	3.2140432940768324e-06	0.014256805530606743	3.292134904096162e-10	2.166455215368771e-06	0.04999999881821332	day18
3.3939393939393937e-06	0.0002581147593372269	9.003782196401735e-06	0.28027250958273914	0.32999461014039144	0.0211529363137488	3.2173278428294846e-06	0.014286191115959197	3.3018094894679087e-10	2.1718714038877325e-06	0.04999999881821333	day18
3.5555555555555555e-06	0.00020216957670294658	7.0527161765015465e-06	0.28021462015085397	0.32999460332362246	0.02116479029224378	3.219899312324969e-06	0.01430920672076292	3.3093930644272526e-10	2.1761151866620914e-06	0.049999998818213334	day18
3.717171717171717e-06	0.00015835546496504823	5.524542122902179e-06	0.2801692832047247	0.3299945979839602	0.021174070808134576	3.2219128388650512e-06	0.0143272332734087	3.315336693699463e-10	2.1794401336000886e-06	0.049999998818213334	day18
3.878787878787879e-06	0.00012403998339496601	4.327557392131767e-06	0.2801337749211243	0.32999459380125973	0.021181335638512256	3.223489502480475e-06	0.014341353697467378	3.3199946868922407e-10	2.1820452389066937e-06	0.04999999881821334	day18
4.04040404040404e-06	9.716269091255514e-05	3.389966967294393e-06	0.2801059633146863	0.32999459052479047	0.021187033738461095	3.224724902337323e-06	0.014352409430542187	3.3236440463360614e-10	2.184085578449594e-06	0.049999998818213355	day18
4.202020202020202e-06	7.611056375225643e-05	2.6555415150958343e-06	0.280084179328688	0.32999458795817627	0.021191489388129463	3.2256921169604757e-06	0.014361072799293365	3.3265039217892884e-10	2.1856844060358177e-06	0.04999999881821337	day18
4.363636363636363e-06	5.962064649322958e-05	2.080248620982771e-06	0.28006711612910795	0.3299945859476032	0.021194981942344673	3.2264498228750776e-06	0.014367857495766273	3.3287445852470314e-10	2.1869368250702472e-06	0.04999999881821336	day18
4.525252525252525e-06	4.6703984728014764e-05	1.6296028589143255e-06	0.28005375039659125	0.3299945843725926	0.02119771501774307	3.227043195132437e-06	0.014373173333681792	3.3305002560396955e-10	2.1879181122960294e-06	0.049999998818213355	day18
4.686868686868687e-06	3.6586111661044795e-05	1.2765939970758742e-06	0.28004328074848056	0.32999458313877456	0.021199857129456046	3.2275080628401307e-06	0.014377336717543	3.3318757114071313e-10	2.188686787606668e-06	0.04999999881821336	day18
4.848484848484848e-06	2.866047809046963e-05	1.000065865034993e-06	0.2800350795533256	0.32999458217222694	0.02120153421900895	3.227872172725678e-06	0.014380598469232894	3.332953361576005e-10	2.1892890098569943e-06	0.04999999881821335	day18
5.01010101010101e-06	2.2452027182318538e-05	7.834473479510239e-07	0.2800286552410822	0.32999458141504506	0.021202848342427923	3.2281574266480156e-06	0.014383153327765588	3.333797627217754e-10	2.1897607689079407e-06	0.049999998818213355	day18
5.1717171717171715e-06	1.7588673505472643e-05	6.13758361660746e-07	0.2800236227915935	0.3299945808218707	0.021203877473770512	3.2283808788553023e-06	0.01438515480204375	3.334459077417309e-10	2.190130358772241e-06	0.049999998818213355	day18
5.333333333333333e-06	1.3778968645453448e-05	4.808312932453162e-07	0.28001968062436344	0.3299945803571724	0.02120468373586989	3.228555939791784e-06	0.014386722609842202	3.334977286449623e-10	2.1904198925557595e-06	0.04999999881821336	day18
5.494949494949495e-06	1.079462401652256e-05	3.7670163758445124e-07	0.2800165925141345	0.32999457999311677	0.021205315254581095	3.2286930866297044e-06	0.01438795079218726	3.3353832847474877e-10	2.190646720171611e-06	0.049999998818213355	day18
5.656565656565656e-06	8.456819724563908e-06	2.9513055168742977e-07	0.28001417342397283	0.3299945797079007	0.02120580997425661	3.2288005383189714e-06	0.014388912888580017	3.335701371851027e-10	2.190824420933606e-06	0.049999998818213355	day18
5.818181818181818e-06	6.625480585851784e-06	2.3123083499068954e-07	0.2800122784085736	0.3299945794844444	0.02120619750377352	3.2288847272159746e-06	0.014389666561912389	3.335950590738666e-10	2.190963638438628e-06	0.04999999881821335	day18
5.97979797979798e-06	5.1908818379985856e-06	1.8117413448068735e-07	0.28001079392820116	0.32999457930936854	0.021206501076967758	3.2289506938386724e-06	0.01439025696096639	3.336145858092588e-10	2.19107270866124e-06	0.049999998818213355	day18
6.141414141414141e-06	4.067072112890465e-06	1.4196151775374315e-07	0.2800096310430358	0.3299945791721921	0.021206738883191995	3.229002386063466e-06	0.014390719457710163	3.3362988604597637e-10	2.1911581622765795e-06	0.049999998818213355	day18
6.3030303030303026e-06	3.1867210597037943e-06	1.1124373118599355e-07	0.2800087200816834	0.32999457906470475	0.02120692516915772	3.229042896317909e-06	0.014391081761926904	3.336418753189454e-10	2.191225115433178e-06	0.04999999881821335	day18
6.464646464646464e-06	2.497085746043018e-06	8.718048027930095e-08	0.28000800646734886	0.3299945789804747	0.02120707109949746	3.229074647267989e-06	0.014391365577694161	3.3365127083799714e-10	2.1912775757154965e-06	0.04999999881821334	day18
6.626262626262626e-06	1.9568499566809857e-06	6.833015850469034e-08	0.28000744744724876	0.3299945789144637	0.021207185414701835	3.229099536421095e-06	0.014391587909588497	3.3365863447389626e-10	2.191318682818055e-06	0.04999999881821334	day18
6.7878787878787874e-06	1.5336480211685753e-06	5.356345556471104e-08	0.2800070095303491	0.3299945788627249	0.02120727496561033	3.2291190504097547e-06	0.014391762076477419	3.3366440637860826e-10	2.191350896112353e-06	0.04999999881821335	day18
6.949494949494949e-06	1.2021261567167693e-06	4.199571758813132e-08	0.28000666648130523	0.3299945788221663	0.021207345116093755	3.2291343536466573e-06	0.014391898513134561	3.3366893136702927e-10	2.1913761423271677e-06	0.04999999881821335	day18
7.111111111111111e-06	9.424232749592639e-07	3.293394147522117e-08	0.28000639774844754	0.3299945787903661	0.02120740006971409	3.229146358370002e-06	0.014392005392859036	3.336724795521706e-10	2.191395930708663e-06	0.04999999881821334	day18
7.272727272727272e-06	7.389807974271226e-07	2.5835247984277876e-08	0.2800061872322158	0.32999457876542687	0.021207443118308668	3.2291557791412768e-06	0.014392089118921177	3.3367526254030636e-10	2.191411443621843e-06	0.049999998818213334	day18
7.434343434343434e-06	5.796107837667059e-07	2.0274367286583153e-08	0.280006022320886	0.32999457874586224	0.021207476841162632	3.229163175747743e-06	0.01439215470707725	3.336774460949097e-10	2.19142360725768e-06	0.04999999881821335	day18
7.595959595959596e-06	4.5476615381802255e-07	1.5918175674269874e-08	0.2800058931354187	0.329994578730508	0.02120750325830667	3.229168986662874e-06	0.014392206086468953	3.3367916006499795e-10	2.19143314714518e-06	0.04999999881821334	day18
7.757575757575758e-06	3.569691474871369e-07	1.2505753307126158e-08	0.28000579193804576	0.3299945787184523	0.021207523952175563	3.2291735553337075e-06	0.014392246334478777	3.336805061548004e-10	2.19144063154541e-06	0.04999999881821335	day18
7.919191919191919e-06	2.8035744664067963e-07	9.83254741722744e-09	0.2800057126626112	0.32999457870897997	0.02120754016324369	3.2291771510057032e-06	0.014392277863724769	3.336815640980811e-10	2.191446505963252e-06	0.04999999881821335	day18
8.08080808080808e-06	2.2034142228096607e-07	7.73841279910511e-09	0.28000565055990057	0.32999457870153165	0.02120755286261183	3.2291799844684733e-06	0.014392302563089399	3.3368239631921225e-10	2.1914511191903685e-06	0.049999998818213355	day18
8.242424242424241e-06	1.7332675111533764e-07	6.0979332191023015e-09	0.2800056019106127	0.3299945786956687	0.021207562810892314	3.22918222080498e-06	0.01439232191178052	3.336830517050642e-10	2.191454744374906e-06	0.049999998818213355	day18
8.404040404040403e-06	1.364970302801905e-07	4.812836264237279e-09	0.28000556380041564	0.329994578691048	0.021207570604029183	3.2291839893667206e-06	0.014392337068885009	3.336835685622116e-10	2.1914575955502577e-06	0.04999999881821335	day18
8.565656565656566e-06	1.0764547193449315e-07	3.806120717501161e-09	0.2800055339457896	0.3299945786874001	0.021207576708976147	3.229185391506988e-06	0.01439234894260212	3.3368397690575507e-10	2.191459840421969e-06	0.04999999881821335	day18
8.727272727272726e-06	8.504407050332489e-08	3.0174914427589777e-09	0.2800055105586445	0.3299945786845145	0.021207581491392898	3.229186506590317e-06	0.014392358244081346	3.33684300238752e-10	2.191461610309745e-06	0.04999999881821335	day18
8.888888888888888e-06	6.733882746559702e-08	2.399703485655767e-09	0.280005492237902	0.329994578682226	0.02120758523777768	3.2291873968027487e-06	0.014392365530561288	3.3368455697738886e-10	2.19146300811165e-06	0.04999999881821335	day18
9.05050505050505e-06	5.346900582099721e-08	1.9157446340979053e-09	0.28000547788594227	0.3299945786804052	0.02120758817258601	3.2291881108619896e-06	0.01439237123858381	3.336847615490795e-10	2.191464114438683e-06	0.04999999881821335	day18
9.212121212121211e-06	4.2603822186469167e-08	1.5366264250181099e-09	0.2800054666430948	0.3299945786789508	0.021207590471613344	3.229188686924326e-06	0.014392375710054878	3.3368492525358617e-10	2.1914649924265494e-06	0.04999999881821334	day18
9.373737373737373e-06	3.4092339289205415e-08	1.239635749814804e-09	0.28000545783578856	0.3299945786777835	0.021207592272595638	3.2291891548858713e-06	0.014392379212867288	3.3368505694454415e-10	2.1914656915436823e-06	0.049999998818213334	day18
9.535353535353535e-06	2.742470577665349e-08	1.0069823993857848e-09	0.2800054509364442	0.32999457867684096	0.02120759368341948	3.2291895381631698e-06	0.01439238195684806	3.336851635566155e-10	2.191466250536403e-06	0.04999999881821334	day18
9.696969696969696e-06	2.2201723004481532e-08	8.247371611683414e-10	0.2800054455319825	0.3299945786760747	0.02120759478855544	3.229189855090612e-06	0.014392384106286332	3.3368525051944616e-10	2.191466699742028e-06	0.04999999881821335	day18
9.858585858585858e-06	1.8110763667686406e-08	6.819915502285694e-10	0.2800054412989058	0.3299945786754464	0.021207595654154476	3.2291901200264847e-06	0.014392385789843566	3.3368532208519944e-10	2.191467062918897e-06	0.049999998818213334	day18
1.002020202020202e-05	1.490624844079892e-08	5.701765821005544e-10	0.28000543798309574	0.32999457867492626	0.021207596332181177	3.2291903442497477e-06	0.014392387108587333	3.3368538159409146e-10	2.191467358729952e-06	0.04999999881821334	day18
1.018181818181818e-05	1.2395588271865771e-08	4.825722584480665e-10	0.28000543538526684	0.3299945786744907	0.021207596863388096	3.22919053660566e-06	0.014392388141776813	3.336854316655956e-10	2.1914676018110745e-06	0.04999999881821334	day18
1.0343434343434343e-05	1.0428386317851378e-08	4.139307916834026e-10	0.28000543334979267	0.32999457867412146	0.02120759727959951	3.2291907040016577e-06	0.014392388951307296	3.336854743453149e-10	2.1914678035917464e-06	0.04999999881821335	day18
1.0505050505050505e-05	8.887205632249754e-09	3.601544606369384e-10	0.2800054317551529	0.3299945786738041	0.02120759760566478	3.229190851831367e-06	0.014392389585509813	3.33685511230555e-10	2.1914679729966736e-06	0.04999999881821334	day18
1.0666666666666666e-05	7.679955215635466e-09	3.180299394986525e-10	0.28000543050605453	0.32999457867352755	0.021207597861070217	3.229190984324331e-06	0.014392390082284257	3.3368554357388176e-10	2.191468117024375e-06	0.04999999881821335	day18
1.0828282828282828e-05	6.734247466458169e-09	2.850314119512689e-10	0.28000542952759294	0.32999457867328286	0.021207598061133204	3.229191104805173e-06	0.014392390471421481	3.3368557235986603e-10	2.191468241175982e-06	0.04999999881821335	day18
1.098989898989899e-05	5.993322584728809e-09	2.5917836149113033e-10	0.28000542876103474	0.3299945786730632	0.021207598217864183	3.2291912158807575e-06	0.014392390776280807	3.336855983605193e-10	2.1914683497649863e-06	0.049999998818213355	day18
1.115151515151515e-05	5.4128200123921614e-09	2.389229176783903e-10	0.2800054281604769	0.329994578672863	0.02120759834064975	3.229191319588472e-06	0.014392391015118753	3.336856221792069e-10	2.1914684461626005e-06	0.04999999881821334	day18
1.1313131313131313e-05	4.958052489465534e-09	2.2305473989716358e-10	0.280005427690026	0.32999457867267823	0.021207598436829712	3.229191417521428e-06	0.01439239120221079	3.336856442877238e-10	2.191468533004905e-06	0.04999999881821335	day18
1.1474747474747475e-05	4.6020579052049e-09	2.10633040707722e-10	0.2800054273217825	0.3299945786725054	0.021207598512109266	3.2291915109179417e-06	0.014392391348653104	3.336856650527922e-10	2.1914686123409026e-06	0.049999998818213355	day18
1.1636363636363635e-05	4.3233697798849516e-09	2.0090879144306168e-10	0.2800054270335335	0.3299945786723421	0.021207598571030817	3.2291916007639305e-06	0.01439239146328011	3.3368568476638555e-10	2.1914686858019444e-06	0.04999999881821334	day18
1.1797979797979798e-05	4.105436825531339e-09	1.9330446905226433e-10	0.28000542680815216	0.3299945786721862	0.021207598617096562	3.2291916878195573e-06	0.014392391552903486	3.336857036536246e-10	2.1914687546458606e-06	0.04999999881821335	day18
1.195959595959596e-05	3.934787700871366e-09	1.8735001866319118e-10	0.28000542663169875	0.32999457867203597	0.021207598653157078	3.229191772703536e-06	0.014392391623067305	3.3368572189773805e-10	2.191468819896411e-06	0.04999999881821334	day18
1.212121212121212e-05	3.80081092124425e-09	1.8267517402019864e-10	0.28000542649319277	0.32999457867189025	0.021207598681457714	3.229191855903228e-06	0.014392391678138718	3.3368573964305715e-10	2.1914688823600243e-06	0.04999999881821334	day18
1.2282828282828282e-05	3.6957298099065606e-09	1.7900858460038167e-10	0.28000542638458725	0.3299945786717481	0.02120759870364401	3.2291919377757994e-06	0.0143923917213182	3.3368575699535534e-10	2.191468942627694e-06	0.04999999881821334	day18
1.2444444444444445e-05	3.6130488791609105e-09	1.7612360379984178e-10	0.2800054262991608	0.32999457867160864	0.021207598721090407	3.2291920186195754e-06	0.014392391755278953	3.3368577404298017e-10	2.1914690011930488e-06	0.049999998818213355	day18
1.2606060606060605e-05	3.548157107437341e-09	1.73859338877104e-10	0.2800054262321421	0.3299945786714714	0.02120759873477262	3.229192098646332e-06	0.014392391781918623	3.33685790848648e-10	2.191469058406505e-06	0.04999999881821335	day18
1.2767676767676767e-05	3.4973152273757026e-09	1.720853160347418e-10	0.2800054261796618	0.32999457867133586	0.021207598745481872	3.229192178027806e-06	0.014392391802776097	3.3368580746321807e-10	2.191469114552231e-06	0.049999998818213355	day18
1.2929292929292928e-05	3.45768615753608e-09	1.7070254105209113e-10	0.2800054261387841	0.3299945786712017	0.0212075987538185	3.2291922568942984e-06	0.014392391819018965	3.336858239252787e-10	2.1914691698458323e-06	0.04999999881821337	day18
1.309090909090909e-05	3.427124707570582e-09	1.696361619586957e-10	0.28000542610728935	0.3299945786710686	0.02120759876023641	3.2291923353443343e-06	0.014392391831530077	3.336858402640074e-10	2.191469224450334e-06	0.049999998818213355	day18
1.3252525252525252e-05	3.4030376080724125e-09	1.6879569228438487e-10	0.2800054260824941	0.3299945786709363	0.02120759876528434	3.2291924134970155e-06	0.01439239184137669	3.3368585651467653e-10	2.191469278562814e-06	0.049999998818213355	day18
1.3414141414141413e-05	3.385235321226037e-09	1.6817451801035458e-10	0.28000542606420215	0.3299945786708048	0.021207598769002408	3.229192491361048e-06	0.014392391848636802	3.336858726798637e-10	2.1914693321976757e-06	0.049999998818213355	day18
1.3575757575757575e-05	3.3714770714214677e-09	1.6769445213478428e-10	0.2800054260500949	0.3299945786706737	0.021207598771864754	3.2291925690393463e-06	0.014392391854232604	3.3368588879004673e-10	2.191469385525208e-06	0.049999998818213355	day18
1.3737373737373737e-05	3.3601387506962896e-09	1.6729882482486495e-10	0.2800054260384917	0.329994578670543	0.021207598774215044	3.2291926466065007e-06	0.01439239185883249	3.336859048673159e-10	2.1914694386688375e-06	0.04999999881821335	day18
1.3898989898989898e-05	3.351961714387133e-09	1.6701350370760384e-10	0.2800054260301597	0.32999457867041265	0.0212075987758964	3.229192724028463e-06	0.01439239186213136	3.3368592090158756e-10	2.1914694915722225e-06	0.049999998818213355	day18
1.406060606060606e-05	3.344859055803965e-09	1.6676567053833364e-10	0.28000542602293943	0.3299945786702824	0.021207598777350418	3.22919280140108e-06	0.014392391864988073	3.3368593692124665e-10	2.19146954439396e-06	0.049999998818213355	day18
1.4222222222222222e-05	3.3388933821452495e-09	1.6655751015369842e-10	0.28000542601689565	0.3299945786701523	0.02120759877856385	3.2291928787214765e-06	0.014392391867376862	3.336859529254415e-10	2.191469597129291e-06	0.049999998818213355	day18
1.4383838383838382e-05	3.3340121329909535e-09	1.6638718896168534e-10	0.28000542601197403	0.32999457867002235	0.02120759877954782	3.229192955992068e-06	0.014392391869319359	3.336859689148867e-10	2.1914696497822095e-06	0.04999999881821335	day18
1.4545454545454545e-05	3.3297152901386324e-09	1.6623726017795592e-10	0.28000542600765715	0.3299945786698925	0.02120759878040814	3.2291930332358207e-06	0.014392391871021338	3.3368598489638313e-10	2.191469702390714e-06	0.04999999881821335	day18
1.4707070707070707e-05	3.3260910028495565e-09	1.6611079861717969e-10	0.2800054260040362	0.3299945786697627	0.021207598781126144	3.229193110448684e-06	0.014392391872446529	3.336860008687321e-10	2.191469754948107e-06	0.049999998818213355	day18
1.4868686868686867e-05	3.323151892409234e-09	1.6600824461223085e-10	0.28000542600112427	0.329994578669633	0.02120759878169917	3.2291931876300793e-06	0.014392391873589738	3.3368601683176194e-10	2.19146980745343e-06	0.04999999881821335	day18
1.503030303030303e-05	3.320884326747227e-09	1.6592912246969126e-10	0.2800054259989072	0.3299945786695033	0.021207598782130088	3.2291932647806324e-06	0.014392391874456576	3.336860327856582e-10	2.191469859907718e-06	0.04999999881821335	day18
1.5191919191919192e-05	3.3191306918793062e-09	1.6586793301563026e-10	0.28000542599722195	0.32999457866937376	0.021207598782452257	3.2291933419075816e-06	0.014392391875111907	3.336860487325648e-10	2.1914699123229498e-06	0.04999999881821335	day18
1.5353535353535354e-05	3.3178431057279875e-09	1.658230053795477e-10	0.28000542599601896	0.32999457866924425	0.02120759878267581	3.2291934190131255e-06	0.01439239187557544	3.336860646731332e-10	2.191469964702765e-06	0.04999999881821335	day18
1.5515151515151516e-05	3.317017588067035e-09	1.6579420055503255e-10	0.2800054259952941	0.32999457866911475	0.021207598782801585	3.229193496097447e-06	0.01439239187584881	3.336860806074172e-10	2.1914700170474653e-06	0.04999999881821335	day18
1.5676767676767675e-05	3.3164321309639587e-09	1.6577377215818459e-10	0.28000542599481765	0.3299945786689853	0.021207598782876567	3.2291935731707426e-06	0.014392391876023381	3.336860965384366e-10	2.1914700693739225e-06	0.04999999881821335	day18
1.5838383838383837e-05	3.315907671856529e-09	1.6575547223743095e-10	0.2800054259944043	0.3299945786688559	0.021207598782938642	3.2291936502412362e-06	0.01439239187617285	3.3368611246862666e-10	2.191470121695744e-06	0.04999999881821335	day18
1.6e-05	3.315565953176392e-09	1.657435486370878e-10	0.28000542599418005	0.3299945786687265	0.02120759878296205	3.2291937273033366e-06	0.014392391876247112	3.3368612839633165e-10	2.1914701740036775e-06	0.049999998818213334	day18
0.0	0.05	0.0	0.84	0.5	0.0	0.0	0.0	0.0	0.0	0.05	day25
1.616161616161616e-07	0.03136753224963018	0.0006855233144257656	0.822054135988511	0.4999989202191323	0.0142917792714927	9.616853350936606e-07	0.0018269833298275406	7.638275096171865e-12	1.1808025592046186e-07	0.049999999356327214	day25
3.232323232323232e-07	0.0199347125209408	0.0004392611203465326	0.8103757694735829	0.4999982048112941	0.017983012721178297	1.3760718175348674e-06	0.0058203993743685895	3.0257014145454834e-11	4.1905637429366534e-07	0.04999999935628296	day25
4.848484848484849e-07	0.01269879827880371	0.00028128801050578573	0.8029823403863879	0.49999774654651113	0.019288803671922115	1.5677167927991288e-06	0.008864085155620259	5.3186916364449596e-11	6.856303221149546e-07	0.049999999356282986	day25
6.464646464646464e-07	0.00810161042620372	0.00018005792553679582	0.7982842158489032	0.49999745314642685	0.020007932829267033	1.6704512126956626e-06	0.010853487530558746	7.088761889547273e-11	8.762605850427664e-07	0.049999999356283055	day25
8.08080808080808e-07	0.00517369352896312	0.00011523096182581603	0.7952916597761097	0.4999972653582688	0.020449149787516233	1.7300937439720057e-06	0.01212909302739924	8.326912263687289e-11	1.0043814487875125e-06	0.049999999356283444	day25
9.696969696969698e-07	0.0033059710134832818	7.373273543170812e-05	0.7933825592031454	0.49999714518935934	0.020726010322695818	1.766271895704521e-06	0.012945171059205398	9.156178207102139e-11	1.088355621319975e-06	0.04999999935628351	day25
1.1313131313131313e-06	0.00211334120916424	4.7174790116557724e-05	0.7921634483421867	0.4999970683006839	0.020901138242214137	1.788750776359402e-06	0.013467135330467568	9.700107404166433e-11	1.1427545374679226e-06	0.04999999935628351	day25
1.2929292929292929e-06	0.001351295853980156	3.0180975375386584e-05	0.7913844583647466	0.4999970191081987	0.021012394790702046	1.8029000201828558e-06	0.013800984526852758	1.0053097182905013e-10	1.177790719139344e-06	0.04999999935628351	day25
1.4545454545454544e-06	0.000864175343589832	1.9308117017721914e-05	0.7908864964672219	0.4999969876369755	0.021083257083742552	1.8118685998369237e-06	0.014014523080050741	1.0280865224422615e-10	1.2002888073901708e-06	0.04999999935628351	day25
1.616161616161616e-06	0.0005527115336432096	1.2351966417911909e-05	0.790568096639975	0.49999696750367595	0.021128463272606257	1.8175751915932812e-06	0.014151112687353409	1.042735716701302e-10	1.214712585285097e-06	0.049999999356283506	day25
1.7777777777777777e-06	0.0003535283354929375	7.901796499148164e-06	0.7903644761516665	0.49999695462391514	0.021157331221416005	1.8212140642962176e-06	0.014238484337598983	1.0521393886046214e-10	1.2239515926285347e-06	0.04999999935628349	day25
1.9393939393939395e-06	0.0002261354775250021	5.0548918817944264e-06	0.7902342446284789	0.49999694638451747	0.02117577752245587	1.8235373391452596e-06	0.014294373991214448	1.0581686454200504e-10	1.2298665095267793e-06	0.04999999935628349	day25
2.101010101010101e-06	0.00014465233200055142	3.2336732409703694e-06	0.7901509455351599	0.4999969411136712	0.021187569258752637	1.8250217662326093e-06	0.01433012577690225	1.0620314301531598e-10	1.2336521561561997e-06	0.049999999356283485	day25
2.2626262626262626e-06	9.253168021415597e-05	2.068617495547909e-06	0.7900976631994457	0.49999693774185355	0.021195109014398122	1.8259706551145766e-06	0.014352995855719563	1.0645049927741932e-10	1.2360745902110773e-06	0.049999999356283485	day25
2.424242424242424e-06	5.9191783493766626e-05	1.323322278787725e-06	0.7900635801644984	0.4999969355848636	0.021199930800282936	1.8265773866859556e-06	0.01436762570527998	1.0660884417363342e-10	1.2376245318309209e-06	0.049999999356283485	day25
2.5858585858585857e-06	3.786493623626799e-05	8.465531275720051e-07	0.7900417779279466	0.49999693420500657	0.02120301472693544	1.8269654114345483e-06	0.014376984364414763	1.0671018679248675e-10	1.2386161614328937e-06	0.04999999935628348	day25
2.7474747474747475e-06	2.4222432282931208e-05	5.415623484049105e-07	0.7900278313159358	0.49999693332228484	0.021204987281779022	1.827213598461532e-06	0.014382971075795812	1.067750382239416e-10	1.2392505664854354e-06	0.049999999356283485	day25
2.909090909090909e-06	1.5495436493524386e-05	3.4645909579069704e-07	0.7900189097815966	0.4999969327575818	0.02120624902988096	1.8273723593106716e-06	0.014386800765984744	1.068165345440106e-10	1.2396564256727993e-06	0.049999999356283485	day25
3.0707070707070706e-06	9.912823115571216e-06	2.216512603927404e-07	0.7900132027216494	0.4999969323963158	0.021207056131293988	1.82747392563245e-06	0.014389250615428721	1.0684308548297619e-10	1.239916072145399e-06	0.04999999935628349	day25
3.232323232323232e-06	6.341644135773683e-06	1.4181157257520076e-07	0.7900095519341086	0.4999969321651889	0.021207572418161055	1.8275389092459778e-06	0.014390817782710901	1.0686007361493878e-10	1.2400821814427116e-06	0.049999999356283485	day25
3.3939393939393937e-06	4.057168308798774e-06	9.0738069720102e-08	0.7900072165326556	0.49999693201731205	0.021207902680402842	1.8275804927981323e-06	0.014391820299180694	1.0687094343467525e-10	1.2401884530251835e-06	0.04999999935628348	day25
3.5555555555555555e-06	2.595792004823955e-06	5.806632466875913e-08	0.7900057225792283	0.49999693192269024	0.021208113946526153	1.8276071081025745e-06	0.014392461608836367	1.0687789893626796e-10	1.240256445601944e-06	0.049999999356283485	day25
3.717171717171717e-06	1.6609507729575782e-06	3.716619924442033e-08	0.7900047668984255	0.49999693186213573	0.02120824909238087	1.8276241485317923e-06	0.014392871854557834	1.0688235025693748e-10	1.2402999507571145e-06	0.049999999356283485	day25
3.878787878787879e-06	1.0629372907076736e-06	2.379647356521599e-08	0.7900041555539788	0.49999693182337435	0.021208335544161364	1.8276350639693207e-06	0.014393134286970756	1.0688519954987252e-10	1.2403277909849913e-06	0.049999999356283485	day25
4.04040404040404e-06	6.803888478283473e-07	1.524387137077082e-08	0.7900037644777542	0.4999969317985538	0.021208390847091765	1.8276420613636728e-06	0.014393302164708095	1.0688702400454318e-10	1.2403456104592573e-06	0.049999999356283485	day25
4.202020202020202e-06	4.3567053228183365e-07	9.772722803651242e-09	0.7900035143041927	0.4999969317826511	0.021208426224605233	1.8276465524570632e-06	0.0143934095570274	1.0688819286680009e-10	1.2403570197616e-06	0.04999999935628348	day25
4.363636363636363e-06	2.7912311530439606e-07	6.272803207928086e-09	0.790003354267054	0.49999693177245313	0.021208448855726408	1.8276494402600657e-06	0.01439347825638179	1.0688894233452263e-10	1.2403643284202556e-06	0.04999999935628349	day25
4.525252525252525e-06	1.7897928212024548e-07	4.033894148434957e-09	0.7900032518908604	0.49999693176590454	0.021208463332899972	1.827651302429442e-06	0.014393522203549123	1.0688942350912826e-10	1.2403690138616321e-06	0.049999999356283485	day25
4.686868686868687e-06	1.149168620513379e-07	2.6016546847602674e-09	0.790003186400415	0.49999693176169047	0.021208472593993513	1.827652508501579e-06	0.014393550316721408	1.0688973305497725e-10	1.2403720212270506e-06	0.049999999356283485	day25
4.848484848484848e-06	7.393589087770015e-08	1.6854456400354914e-09	0.7900031445059553	0.4999969317589698	0.02120847851833875	1.8276532948657863e-06	0.014393568300811625	1.068899328084638e-10	1.2403739551186118e-06	0.04999999935628349	day25
5.01010101010101e-06	4.772021420571773e-08	1.0993433448510398e-09	0.7900031177059417	0.49999693175720455	0.02120848230815387	1.827653812741388e-06	0.014393579805287292	1.068900623270557e-10	1.2403752023043517e-06	0.04999999935628348	day25
5.1717171717171715e-06	3.095054407211007e-08	7.244248337156849e-10	0.7900031005625072	0.4999969317560504	0.02120848473241687	1.8276541588531443e-06	0.014393587164469106	1.0689014691317882e-10	1.2403760101741208e-06	0.04999999935628348	day25
5.333333333333333e-06	2.0224126859580622e-08	4.846149612251558e-10	0.7900030895970432	0.49999693175528725	0.021208486283043462	1.8276543950759229e-06	0.014393591871624376	1.0689020275288947e-10	1.240376536983524e-06	0.049999999356283485	day25
5.494949494949495e-06	1.3361262590645364e-08	3.3118231092152856e-10	0.7900030825812595	0.4999969317547741	0.021208487275139718	1.8276545610448514e-06	0.01439359488329456	1.068902402145111e-10	1.240376884106297e-06	0.04999999935628348	day25
5.656565656565656e-06	8.970848125970739e-09	2.3302607354356026e-10	0.790003078093042	0.4999969317544209	0.02120848790980898	1.827654682055397e-06	0.014393596809952615	1.0689026591521106e-10	1.2403771162400392e-06	0.04999999935628348	day25
5.818181818181818e-06	6.16216390636796e-09	1.702324857222535e-10	0.790003075221815	0.49999693175417004	0.021208488315817158	1.8276547743041746e-06	0.014393598042482718	1.0689028409194936e-10	1.2403772748104531e-06	0.04999999935628348	day25
5.97979797979798e-06	4.365330961938774e-09	1.3006079718899785e-10	0.7900030733849959	0.49999693175398474	0.02120848857554818	1.8276548481537153e-06	0.014393598830971075	1.0689029745551945e-10	1.2403773863215461e-06	0.049999999356283485	day25
6.141414141414141e-06	3.2168300719322187e-09	1.0438383015107353e-10	0.7900030722109614	0.49999693175384124	0.021208488741553795	1.8276549102141568e-06	0.0143935993349448	1.0689030773510662e-10	1.2403774676799209e-06	0.049999999356283485	day25
6.3030303030303026e-06	2.4824185070788464e-09	8.79646337244357e-11	0.7900030714602474	0.4999969317537246	0.021208488847697052	1.8276549647449077e-06	0.014393599657199179	1.0689031604495506e-10	1.2403775297797704e-06	0.04999999935628349	day25
6.464646464646464e-06	2.011882620518824e-09	7.744489057448956e-11	0.7900030709792913	0.49999693175362503	0.02120848891569341	1.8276550144774125e-06	0.014393599863654112	1.0689032309960036e-10	1.2403775796072522e-06	0.04999999935628348	day25
6.626262626262626e-06	1.710323581429533e-09	7.070295300761926e-11	0.790003070671079	0.4999969317535364	0.021208488959261827	1.8276550611372882e-06	0.014393599995955087	1.0689032935045692e-10	1.2403776215759342e-06	0.049999999356283485	day25
6.7878787878787874e-06	1.5174781240476277e-09	6.639151838071207e-11	0.7900030704740038	0.4999969317534547	0.021208488987114187	1.827655105820345e-06	0.014393600080548095	1.0689033508418504e-10	1.2403776584885492e-06	0.049999999356283485	day25
6.949494949494949e-06	1.3941251722982037e-09	6.36337236756558e-11	0.7900030703479701	0.4999969317533776	0.021208489004920433	1.8276551492397683e-06	0.01439360013464495	1.0689034048735144e-10	1.2403776921691974e-06	0.049999999356283485	day25
7.111111111111111e-06	1.3150351454837282e-09	6.186551261734692e-11	0.7900030702671862	0.49999693175330334	0.021208489016327863	1.827655191854326e-06	0.014393600169317419	1.0689034567996806e-10	1.2403777237912588e-06	0.04999999935628349	day25
7.272727272727272e-06	1.2644880614793295e-09	6.073543443456894e-11	0.7900030702155814	0.49999693175323096	0.021208489023609018	1.827655233949867e-06	0.014393600191464077	1.0689035073681169e-10	1.2403777540858404e-06	0.04999999935628349	day25
7.434343434343434e-06	1.2328108495687265e-09	6.002722880018503e-11	0.7900030701832672	0.49999693175315985	0.02120848902816227	1.8276552757022837e-06	0.01439360020532986	1.0689035570389518e-10	1.240377783502819e-06	0.049999999356283485	day25
7.595959595959596e-06	1.2145414173790778e-09	5.961878006648038e-11	0.7900030701646596	0.4999969317530895	0.021208489030777256	1.8276553172108978e-06	0.014393600213311757	1.0689036060720044e-10	1.2403778122962254e-06	0.049999999356283485	day25
7.757575757575758e-06	1.2023071468732425e-09	5.934525942848892e-11	0.7900030701522218	0.49999693175301957	0.021208489032519744	1.8276553586097675e-06	0.01439360021864519	1.0689036548179812e-10	1.2403778408089504e-06	0.04999999935628349	day25
7.919191919191919e-06	1.193612035882163e-09	5.915086329918391e-11	0.7900030701434019	0.4999969317529499	0.021208489033750597	1.8276553999442814e-06	0.014393600222425496	1.0689037033956095e-10	1.2403778691570758e-06	0.049999999356283485	day25
8.08080808080808e-06	1.1866751816855339e-09	5.899577627118467e-11	0.7900030701363796	0.4999969317528803	0.021208489034727274	1.827655441246823e-06	0.014393600225434207	1.068903751889603e-10	1.2403778974234284e-06	0.04999999935628349	day25
8.242424242424241e-06	1.181572774786629e-09	5.888170197383432e-11	0.7900030701312325	0.49999693175281085	0.021208489035438767	1.8276554825160084e-06	0.014393600227637878	1.0689038002963348e-10	1.2403779256044627e-06	0.04999999935628348	day25
8.404040404040403e-06	1.1786277689309008e-09	5.881586134319347e-11	0.7900030701282909	0.4999969317527415	0.021208489035838385	1.8276555237459663e-06	0.014393600228894791	1.0689038486004418e-10	1.2403779536851592e-06	0.049999999356283485	day25
8.565656565656566e-06	1.17719501462687e-09	5.878382907884848e-11	0.7900030701268953	0.49999693175267224	0.021208489036019382	1.8276555649484256e-06	0.01439360022948807	1.0689038968326152e-10	1.240377981695524e-06	0.049999999356283485	day25
8.727272727272726e-06	1.176745912237799e-09	5.877378814949924e-11	0.7900030701265053	0.4999969317526031	0.021208489036058167	1.8276556061329973e-06	0.014393600229649688	1.0689039450180003e-10	1.2403780096601417e-06	0.04999999935628349	day25
8.888888888888888e-06	1.176228185576441e-09	5.876221334731679e-11	0.7900030701260452	0.4999969317525339	0.02120848903610687	1.8276556473188154e-06	0.014393600229841421	1.0689039932066525e-10	1.2403780376279513e-06	0.04999999935628349	day25
9.05050505050505e-06	1.175601295989774e-09	5.874819815201682e-11	0.7900030701254734	0.4999969317524648	0.021208489036171365	1.8276556885066187e-06	0.014393600230081056	1.0689040414004976e-10	1.2403780656008377e-06	0.049999999356283485	day25
9.212121212121211e-06	1.175004121484142e-09	5.873484726726717e-11	0.7900030701249321	0.4999969317523956	0.021208489036231567	1.8276557296938825e-06	0.014393600230307646	1.068904089592929e-10	1.240378093572341e-06	0.049999999356283485	day25
9.373737373737373e-06	1.1740581348101673e-09	5.871369819453508e-11	0.7900030701240341	0.49999693175232646	0.021208489036342204	1.8276557708874893e-06	0.014393600230687307	1.0689041378019528e-10	1.2403781215600664e-06	0.04999999935628349	day25
9.535353535353535e-06	1.1734482074982483e-09	5.870006194840699e-11	0.7900030701234798	0.4999969317522573	0.021208489036404248	1.827655812074985e-06	0.014393600230919497	1.0689041859949923e-10	1.2403781495321627e-06	0.04999999935628349	day25
9.696969696969696e-06	1.1727368074549366e-09	5.868415717139954e-11	0.7900030701228217	0.4999969317521881	0.02120848903648096	1.827655853264325e-06	0.014393600231196218	1.0689042341928595e-10	1.2403781775089784e-06	0.04999999935628349	day25
9.858585858585858e-06	1.1723068854328592e-09	5.86745454367056e-11	0.7900030701224512	0.49999693175211896	0.021208489036516977	1.8276558944485465e-06	0.014393600231349417	1.0689042823773389e-10	1.2403782054727035e-06	0.04999999935628349	day25
1.002020202020202e-05	1.1723194641829643e-09	5.867482662022903e-11	0.7900030701225332	0.4999969317520498	0.021208489036489024	1.8276559356247213e-06	0.01439360023130843	1.0689043305407709e-10	1.2403782334158489e-06	0.0499999993562835	day25
1.018181818181818e-05	1.1724231989713705e-09	5.867714585222353e-11	0.7900030701227084	0.4999969317519807	0.02120848903644789	1.8276559767992388e-06	0.014393600231227438	1.0689043786998678e-10	1.2403782613547546e-06	0.04999999935628349	day25
1.0343434343434343e-05	1.1729226347107738e-09	5.868831157946659e-11	0.7900030701232882	0.4999969317519116	0.021208489036349556	1.8276560179665613e-06	0.014393600230972796	1.0689044268401426e-10	1.2403782892752564e-06	0.0499999993562835	day25
1.0505050505050505e-05	1.1734182107544069e-09	5.869939114108628e-11	0.790003070123864	0.4999969317518425	0.02120848903625178	1.827656059133954e-06	0.014393600230719847	1.0689044749806022e-10	1.2403783171959378e-06	0.0499999993562835	day25
1.0666666666666666e-05	1.173855633874981e-09	5.870917057181148e-11	0.7900030701243802	0.4999969317517734	0.021208489036162417	1.8276561003024042e-06	0.014393600230492416	1.0689045231238287e-10	1.2403783451193236e-06	0.0499999993562835	day25
1.0828282828282828e-05	1.174219542943093e-09	5.871730646100835e-11	0.7900030701248214	0.4999969317517043	0.021208489036083678	1.8276561414721914e-06	0.014393600230297246	1.0689045712705531e-10	1.2403783730461282e-06	0.049999999356283506	day25
1.098989898989899e-05	1.1743674123691106e-09	5.8720612376223e-11	0.7900030701250418	0.4999969317516352	0.021208489036036168	1.8276561826459064e-06	0.014393600230196885	1.0689046194275552e-10	1.240378400982981e-06	0.0499999993562835	day25
1.115151515151515e-05	1.1743843159237305e-09	5.872099029102098e-11	0.7900030701251282	0.49999693175156606	0.02120848903600759	1.827656223822003e-06	0.014393600230153998	1.0689046675907882e-10	1.2403784289259242e-06	0.0499999993562835	day25
1.1313131313131313e-05	1.1743634635724022e-09	5.872052409306366e-11	0.7900030701251759	0.4999969317514969	0.021208489035984466	1.8276562649987855e-06	0.014393600230127679	1.0689047157558184e-10	1.2403784568706237e-06	0.0499999993562835	day25
1.1474747474747475e-05	1.1742666102730256e-09	5.871835874854316e-11	0.790003070125146	0.4999969317514278	0.021208489035972337	1.8276563061769503e-06	0.014393600230134711	1.0689047639244647e-10	1.2403784848188578e-06	0.04999999935628349	day25
1.1636363636363635e-05	1.1742473488295733e-09	5.871792812194561e-11	0.7900030701251954	0.4999969317513586	0.021208489035948987	1.827656347353704e-06	0.014393600230107693	1.068904812089421e-10	1.2403785127634829e-06	0.04999999935628349	day25
1.1797979797979798e-05	1.1742761867846658e-09	5.87185728503592e-11	0.790003070125294	0.4999969317512895	0.02120848903591869	1.827656388529583e-06	0.014393600230059566	1.0689048602520903e-10	1.240378540705871e-06	0.04999999935628349	day25
1.195959595959596e-05	1.1743377957214983e-09	5.871995023786003e-11	0.7900030701254261	0.4999969317512204	0.02120848903588365	1.8276564297048662e-06	0.014393600229997059	1.0689049084132014e-10	1.2403785686467348e-06	0.04999999935628349	day25
1.212121212121212e-05	1.1744295871690433e-09	5.87220024142193e-11	0.7900030701255891	0.49999693175115123	0.021208489035844245	1.8276564708796003e-06	0.014393600229921307	1.068904956572878e-10	1.2403785965861947e-06	0.0499999993562835	day25
1.2282828282828282e-05	1.1745069676285603e-09	5.872373240463233e-11	0.7900030701257373	0.4999969317510821	0.021208489035806927	1.8276565120545962e-06	0.014393600229851878	1.0689050047332409e-10	1.240378624526325e-06	0.0499999993562835	day25
1.2444444444444445e-05	1.1745686664347571e-09	5.872511180120831e-11	0.7900030701258696	0.499996931751013	0.021208489035771872	1.8276565532298775e-06	0.014393600229789333	1.0689050528943509e-10	1.2403786524671847e-06	0.04999999935628349	day25
1.2606060606060605e-05	1.1746659388621036e-09	5.872728651563149e-11	0.7900030701260381	0.4999969317509439	0.02120848903573168	1.8276565944045118e-06	0.014393600229711175	1.0689051010537696e-10	1.2403786804063899e-06	0.04999999935628349	day25
1.2767676767676767e-05	1.174717953923853e-09	5.87284494133296e-11	0.7900030701261604	0.49999693175087473	0.02120848903569803	1.8276566355799688e-06	0.014393600229652878	1.068905149215342e-10	1.2403787083476997e-06	0.04999999935628349	day25
1.2929292929292928e-05	1.1747101507305368e-09	5.87282749571696e-11	0.7900030701262216	0.4999969317508056	0.021208489035673024	1.8276566767565136e-06	0.014393600229620829	1.068905197379761e-10	1.2403787362917918e-06	0.049999999356283485	day25
1.309090909090909e-05	1.1747652107041576e-09	5.872950593024129e-11	0.7900030701263471	0.4999969317507365	0.021208489035638933	1.827656717931915e-06	0.014393600229561196	1.0689052455411905e-10	1.2403787642329597e-06	0.049999999356283485	day25
1.3252525252525252e-05	1.1747856110542732e-09	5.87299620198038e-11	0.7900030701264371	0.49999693175066734	0.021208489035609852	1.8276567591079468e-06	0.014393600229516773	1.0689052937042698e-10	1.2403787921757398e-06	0.049999999356283485	day25
1.3414141414141413e-05	1.1747298073324328e-09	5.872871441840226e-11	0.7900030701264492	0.49999693175059823	0.021208489035591787	1.827656800285364e-06	0.01439360022950579	1.0689053418709752e-10	1.2403788201220639e-06	0.049999999356283485	day25
1.3575757575757575e-05	1.1747247684059506e-09	5.872860176352374e-11	0.7900030701265132	0.4999969317505291	0.021208489035566384	1.8276568414618582e-06	0.01439360022947253	1.0689053900352666e-10	1.240378848066027e-06	0.049999999356283485	day25
1.3737373737373737e-05	1.174703357668293e-09	5.872812308495459e-11	0.7900030701265605	0.49999693175045995	0.021208489035543347	1.8276568826386499e-06	0.014393600229446456	1.068905438200338e-10	1.2403788760107512e-06	0.049999999356283485	day25
1.3898989898989898e-05	1.1746492630937331e-09	5.872691369546331e-11	0.7900030701265742	0.49999693175039084	0.021208489035525035	1.8276569238160358e-06	0.014393600229434724	1.0689054863669652e-10	1.2403789039569956e-06	0.049999999356283485	day25
1.406060606060606e-05	1.1746036296770957e-09	5.872589347173962e-11	0.7900030701265967	0.4999969317503217	0.0212084890355055	1.8276569649932677e-06	0.01439360022941928	1.0689055345331908e-10	1.2403789319028464e-06	0.049999999356283485	day25
1.4222222222222222e-05	1.1745628329024518e-09	5.87249813805979e-11	0.7900030701266241	0.49999693175025256	0.021208489035485265	1.8276570061704116e-06	0.014393600229401712	1.0689055826991872e-10	1.240378959848472e-06	0.04999999935628349	day25
1.4383838383838382e-05	1.1745262153652444e-09	5.872416272441352e-11	0.7900030701266558	0.49999693175018345	0.021208489035464424	1.8276570473474792e-06	0.014393600229382311	1.0689056308649857e-10	1.2403789877939036e-06	0.049999999356283485	day25
1.4545454545454545e-05	1.1744957724491739e-09	5.872348211387286e-11	0.7900030701266938	0.49999693175011434	0.02120848903544269	1.8276570885244348e-06	0.0143936002293602	1.0689056790304916e-10	1.2403790157390477e-06	0.04999999935628349	day25
1.4707070707070707e-05	1.1744727554588867e-09	5.872296752432994e-11	0.7900030701267394	0.49999693175004517	0.021208489035419886	1.827657129701255e-06	0.014393600229334832	1.068905727195645e-10	1.2403790436838465e-06	0.04999999935628349	day25
1.4868686868686867e-05	1.174459147507724e-09	5.872266329212192e-11	0.7900030701267946	0.49999693174997606	0.02120848903539572	1.827657170877904e-06	0.014393600229305333	1.068905775360352e-10	1.2403790716282075e-06	0.049999999356283485	day25
1.503030303030303e-05	1.1744567673151328e-09	5.872261007825687e-11	0.7900030701268613	0.4999969317499069	0.021208489035369933	1.827657212054349e-06	0.014393600229270906	1.0689058235245255e-10	1.2403790995720464e-06	0.049999999356283485	day25
1.5191919191919192e-05	1.1744684424181631e-09	5.872287109782933e-11	0.7900030701269424	0.4999969317498378	0.021208489035342115	1.8276572532305382e-06	0.014393600229230311	1.0689058716880315e-10	1.2403791275152313e-06	0.04999999935628348	day25
1.5353535353535354e-05	1.17449127364354e-09	5.872338153418338e-11	0.7900030701270349	0.49999693174976867	0.02120848903531268	1.8276572944065243e-06	0.014393600229184822	1.0689059198510076e-10	1.2403791554578974e-06	0.049999999356283485	day25
1.5515151515151516e-05	1.1745219580116628e-09	5.872406754279382e-11	0.7900030701271353	0.49999693174969956	0.02120848903528211	1.8276573355823676e-06	0.014393600229135887	1.068905968013611e-10	1.2403791834001983e-06	0.049999999356283485	day25
1.5676767676767675e-05	1.1745549490357413e-09	5.872480512117332e-11	0.7900030701272381	0.4999969317496304	0.02120848903525121	1.8276573767581689e-06	0.014393600229085937	1.0689060161761056e-10	1.2403792113423918e-06	0.04999999935628348	day25
1.5838383838383837e-05	1.1745821312654096e-09	5.872541283266238e-11	0.7900030701273351	0.4999969317495613	0.02120848903522115	1.8276574179340758e-06	0.01439360022903854	1.0689060643388777e-10	1.2403792392848553e-06	0.04999999935628349	day25
1.6e-05	1.1745924948303393e-09	5.872564453021926e-11	0.7900030701274148	0.49999693174949217	0.02120848903519352	1.8276574591102884e-06	0.014393600228998521	1.068906112502451e-10	1.240379267228101e-06	0.049999999356283485	day25
